Model,Competition Score,Normalized RMSE,Pearson Correlation
XGBoost,0.7300048228355344,0.11412500019029767,0.5741346458613664
LightGBM,0.72141478414706,0.11581016301180387,0.5586397313059237
GradientBoosting,0.7089291851954664,0.11776327203933241,0.5356216424302652
RandomForest,0.6885845964154675,0.12100303884563074,0.4981722316765658
