Model,Competition Score,Normalized RMSE,Pearson Correlation
XGBoost,0.7187456401265397,0.11608068455789543,0.5535719648109749
LightGBM,0.7165789822105375,0.1164454234815633,0.5496033879026383
GradientBoosting,0.7089291851954664,0.11776327203933241,0.5356216424302652
RandomForest,0.6885845964154678,0.12100303884563074,0.4981722316765661
